what,kind,bundleId,bundleVersion,description,time
executed,command,org.eclipse.wst.sse.ui,1.2.3.v201102102045,"org.eclipse.wst.sse.ui.format.document",1324187676538
executed,command,org.eclipse.ui,3.6.0.I20100603-1100,"org.eclipse.ui.file.save",1324187677111
executed,command,org.eclipse.ui,3.6.0.I20100603-1100,"org.eclipse.ui.file.save",1324187690455
deactivated,workbench,org.eclipse.ui.workbench,3.6.0.I20100603-1100,"",1324187691954
activated,workbench,org.eclipse.ui.workbench,3.6.0.I20100603-1100,"",1324187702970
activated,editor,org.eclipse.wst.html.ui,1.0.504.v201101122108,"org.eclipse.wst.html.core.htmlsource.source",1324187704830
activated,editor,org.eclipse.wst.css.ui,1.0.502.v201101122002,"org.eclipse.wst.css.core.csssource.source",1324187713321
deactivated,workbench,org.eclipse.ui.workbench,3.6.0.I20100603-1100,"",1324187714050
executed,command,org.eclipse.ui,3.6.0.I20100603-1100,"org.eclipse.ui.edit.findReplace",1324187714092
activated,workbench,org.eclipse.ui.workbench,3.6.0.I20100603-1100,"",1324187719384
deactivated,workbench,org.eclipse.ui.workbench,3.6.0.I20100603-1100,"",1324187722467
activated,workbench,org.eclipse.ui.workbench,3.6.0.I20100603-1100,"",1324187725536
activated,editor,org.eclipse.wst.css.ui,1.0.502.v201101122002,"org.eclipse.wst.css.core.csssource.source",1324187736346
executed,command,org.eclipse.wst.sse.ui,1.2.3.v201102102045,"org.eclipse.wst.sse.ui.format.document",1324187751518
executed,command,org.eclipse.ui,3.6.0.I20100603-1100,"org.eclipse.ui.file.save",1324187752200
activated,editor,org.eclipse.wst.html.ui,1.0.504.v201101122108,"org.eclipse.wst.html.core.htmlsource.source",1324187754165
activated,editor,org.eclipse.wst.css.ui,1.0.502.v201101122002,"org.eclipse.wst.css.core.csssource.source",1324187755152
activated,editor,org.eclipse.php.ui,2.2.1.v20101001-2300,"org.eclipse.php.editor",1324187755846
deactivated,workbench,org.eclipse.ui.workbench,3.6.0.I20100603-1100,"",1324187757219
activated,workbench,org.eclipse.ui.workbench,3.6.0.I20100603-1100,"",1324187881336
activated,editor,org.eclipse.wst.css.ui,1.0.502.v201101122002,"org.eclipse.wst.css.core.csssource.source",1324187888348
executed,command,org.eclipse.ui,3.6.0.I20100603-1100,"org.eclipse.ui.file.save",1324187890830
activated,editor,org.eclipse.wst.css.ui,1.0.502.v201101122002,"org.eclipse.wst.css.core.csssource.source",1324187895165
executed,command,org.eclipse.ui,3.6.0.I20100603-1100,"org.eclipse.ui.file.save",1324187909122
deactivated,workbench,org.eclipse.ui.workbench,3.6.0.I20100603-1100,"",1324187910760
activated,workbench,org.eclipse.ui.workbench,3.6.0.I20100603-1100,"",1324187946363
executed,command,org.eclipse.ui,3.6.0.I20100603-1100,"org.eclipse.ui.file.save",1324187958303
deactivated,workbench,org.eclipse.ui.workbench,3.6.0.I20100603-1100,"",1324187960152
activated,workbench,org.eclipse.ui.workbench,3.6.0.I20100603-1100,"",1324187968951
executed,command,org.eclipse.ui,3.6.0.I20100603-1100,"org.eclipse.ui.file.save",1324187976567
deactivated,workbench,org.eclipse.ui.workbench,3.6.0.I20100603-1100,"",1324187977862
activated,workbench,org.eclipse.ui.workbench,3.6.0.I20100603-1100,"",1324188007256
executed,command,org.eclipse.ui,3.6.0.I20100603-1100,"org.eclipse.ui.file.save",1324188013959
executed,command,org.eclipse.ui,3.6.0.I20100603-1100,"org.eclipse.ui.edit.undo",1324188017451
executed,command,org.eclipse.ui,3.6.0.I20100603-1100,"org.eclipse.ui.edit.undo",1324188017825
deactivated,workbench,org.eclipse.ui.workbench,3.6.0.I20100603-1100,"",1324188021886
executed,command,org.eclipse.ui,3.6.0.I20100603-1100,"org.eclipse.ui.edit.findReplace",1324188021913
activated,workbench,org.eclipse.ui.workbench,3.6.0.I20100603-1100,"",1324188028561
executed,command,org.eclipse.ui,3.6.0.I20100603-1100,"org.eclipse.ui.file.save",1324188031453
deactivated,workbench,org.eclipse.ui.workbench,3.6.0.I20100603-1100,"",1324188032358
activated,workbench,org.eclipse.ui.workbench,3.6.0.I20100603-1100,"",1324188455235
deactivated,workbench,org.eclipse.ui.workbench,3.6.0.I20100603-1100,"",1324188457099
executed,command,org.eclipse.ui,3.6.0.I20100603-1100,"org.eclipse.ui.edit.findReplace",1324188457128
activated,workbench,org.eclipse.ui.workbench,3.6.0.I20100603-1100,"",1324188459058
executed,command,org.eclipse.ui,3.6.0.I20100603-1100,"org.eclipse.ui.file.save",1324188463151
deactivated,workbench,org.eclipse.ui.workbench,3.6.0.I20100603-1100,"",1324188464516
activated,workbench,org.eclipse.ui.workbench,3.6.0.I20100603-1100,"",1324188499266
activated,editor,org.eclipse.wst.css.ui,1.0.502.v201101122002,"org.eclipse.wst.css.core.csssource.source",1324188503072
deactivated,workbench,org.eclipse.ui.workbench,3.6.0.I20100603-1100,"",1324188503889
executed,command,org.eclipse.ui,3.6.0.I20100603-1100,"org.eclipse.ui.edit.findReplace",1324188503930
activated,workbench,org.eclipse.ui.workbench,3.6.0.I20100603-1100,"",1324188510097
deactivated,workbench,org.eclipse.ui.workbench,3.6.0.I20100603-1100,"",1324188527180
activated,workbench,org.eclipse.ui.workbench,3.6.0.I20100603-1100,"",1324188540377
activated,editor,org.eclipse.wst.css.ui,1.0.502.v201101122002,"org.eclipse.wst.css.core.csssource.source",1324188544174
activated,editor,org.eclipse.wst.css.ui,1.0.502.v201101122002,"org.eclipse.wst.css.core.csssource.source",1324188547918
executed,command,org.eclipse.ui,3.6.0.I20100603-1100,"org.eclipse.ui.edit.copy",1324188555323
activated,editor,org.eclipse.wst.css.ui,1.0.502.v201101122002,"org.eclipse.wst.css.core.csssource.source",1324188556294
activated,editor,org.eclipse.wst.html.ui,1.0.504.v201101122108,"org.eclipse.wst.html.core.htmlsource.source",1324188563009
activated,editor,org.eclipse.wst.css.ui,1.0.502.v201101122002,"org.eclipse.wst.css.core.csssource.source",1324188565858
deactivated,workbench,org.eclipse.ui.workbench,3.6.0.I20100603-1100,"",1324188569756
executed,command,org.eclipse.ui,3.6.0.I20100603-1100,"org.eclipse.ui.edit.findReplace",1324188569793
activated,workbench,org.eclipse.ui.workbench,3.6.0.I20100603-1100,"",1324188570987
executed,command,org.eclipse.ui,3.6.0.I20100603-1100,"org.eclipse.ui.file.save",1324188573650
deactivated,workbench,org.eclipse.ui.workbench,3.6.0.I20100603-1100,"",1324188575431
activated,workbench,org.eclipse.ui.workbench,3.6.0.I20100603-1100,"",1324188584526
executed,command,org.eclipse.ui,3.6.0.I20100603-1100,"org.eclipse.ui.file.save",1324188594778
deactivated,workbench,org.eclipse.ui.workbench,3.6.0.I20100603-1100,"",1324188596296
activated,workbench,org.eclipse.ui.workbench,3.6.0.I20100603-1100,"",1324188600418
activated,editor,org.eclipse.wst.css.ui,1.0.502.v201101122002,"org.eclipse.wst.css.core.csssource.source",1324188612428
activated,editor,org.eclipse.wst.css.ui,1.0.502.v201101122002,"org.eclipse.wst.css.core.csssource.source",1324188619388
executed,command,org.eclipse.ui,3.6.0.I20100603-1100,"org.eclipse.ui.file.save",1324188622355
deactivated,workbench,org.eclipse.ui.workbench,3.6.0.I20100603-1100,"",1324188623550
activated,workbench,org.eclipse.ui.workbench,3.6.0.I20100603-1100,"",1324188627507
deactivated,workbench,org.eclipse.ui.workbench,3.6.0.I20100603-1100,"",1324188633417
activated,workbench,org.eclipse.ui.workbench,3.6.0.I20100603-1100,"",1324188652145
activated,editor,org.eclipse.wst.css.ui,1.0.502.v201101122002,"org.eclipse.wst.css.core.csssource.source",1324188654275
deactivated,workbench,org.eclipse.ui.workbench,3.6.0.I20100603-1100,"",1324188655192
executed,command,org.eclipse.ui,3.6.0.I20100603-1100,"org.eclipse.ui.edit.findReplace",1324188655219
activated,workbench,org.eclipse.ui.workbench,3.6.0.I20100603-1100,"",1324188657992
deactivated,workbench,org.eclipse.ui.workbench,3.6.0.I20100603-1100,"",1324188659550
executed,command,org.eclipse.ui,3.6.0.I20100603-1100,"org.eclipse.ui.edit.findReplace",1324188659594
activated,workbench,org.eclipse.ui.workbench,3.6.0.I20100603-1100,"",1324188663691
executed,command,org.eclipse.ui,3.6.0.I20100603-1100,"org.eclipse.ui.edit.copy",1324188685822
deactivated,workbench,org.eclipse.ui.workbench,3.6.0.I20100603-1100,"",1324188692103
activated,workbench,org.eclipse.ui.workbench,3.6.0.I20100603-1100,"",1324188694039
activated,editor,org.eclipse.wst.html.ui,1.0.504.v201101122108,"org.eclipse.wst.html.core.htmlsource.source",1324188695013
activated,editor,org.eclipse.wst.css.ui,1.0.502.v201101122002,"org.eclipse.wst.css.core.csssource.source",1324188696751
executed,command,org.eclipse.ui,3.6.0.I20100603-1100,"org.eclipse.ui.edit.paste",1324188708325
executed,command,org.eclipse.wst.sse.ui,1.2.3.v201102102045,"org.eclipse.wst.sse.ui.format.document",1324188709787
executed,command,org.eclipse.ui,3.6.0.I20100603-1100,"org.eclipse.ui.file.save",1324188709933
deactivated,workbench,org.eclipse.ui.workbench,3.6.0.I20100603-1100,"",1324188711231
activated,workbench,org.eclipse.ui.workbench,3.6.0.I20100603-1100,"",1324188717608
executed,command,org.eclipse.ui,3.6.0.I20100603-1100,"org.eclipse.ui.edit.undo",1324188720488
executed,command,org.eclipse.ui,3.6.0.I20100603-1100,"org.eclipse.ui.edit.undo",1324188721243
executed,command,org.eclipse.ui,3.6.0.I20100603-1100,"org.eclipse.ui.file.save",1324188723591
deactivated,workbench,org.eclipse.ui.workbench,3.6.0.I20100603-1100,"",1324188729024
activated,workbench,org.eclipse.ui.workbench,3.6.0.I20100603-1100,"",1324188733549
executed,command,org.eclipse.ui,3.6.0.I20100603-1100,"org.eclipse.ui.edit.undo",1324188735598
executed,command,org.eclipse.ui,3.6.0.I20100603-1100,"org.eclipse.ui.edit.undo",1324188736009
executed,command,org.eclipse.ui,3.6.0.I20100603-1100,"org.eclipse.ui.edit.undo",1324188736859
executed,command,org.eclipse.ui,3.6.0.I20100603-1100,"org.eclipse.ui.edit.undo",1324188737991
executed,command,org.eclipse.ui,3.6.0.I20100603-1100,"org.eclipse.ui.edit.undo",1324188738556
executed,command,org.eclipse.ui,3.6.0.I20100603-1100,"org.eclipse.ui.edit.undo",1324188739105
executed,command,org.eclipse.ui,3.6.0.I20100603-1100,"org.eclipse.ui.file.save",1324188751104
deactivated,workbench,org.eclipse.ui.workbench,3.6.0.I20100603-1100,"",1324188752476
activated,workbench,org.eclipse.ui.workbench,3.6.0.I20100603-1100,"",1324188755497
executed,command,org.eclipse.ui,3.6.0.I20100603-1100,"org.eclipse.ui.file.save",1324188762198
deactivated,workbench,org.eclipse.ui.workbench,3.6.0.I20100603-1100,"",1324188763358
activated,workbench,org.eclipse.ui.workbench,3.6.0.I20100603-1100,"",1324188767565
executed,command,org.eclipse.ui,3.6.0.I20100603-1100,"org.eclipse.ui.edit.copy",1324188775317
executed,command,org.eclipse.ui,3.6.0.I20100603-1100,"org.eclipse.ui.edit.paste",1324188776206
executed,command,org.eclipse.ui,3.6.0.I20100603-1100,"org.eclipse.ui.file.save",1324188779672
deactivated,workbench,org.eclipse.ui.workbench,3.6.0.I20100603-1100,"",1324188780751
activated,workbench,org.eclipse.ui.workbench,3.6.0.I20100603-1100,"",1324188788062
deactivated,workbench,org.eclipse.ui.workbench,3.6.0.I20100603-1100,"",1324188800116
activated,workbench,org.eclipse.ui.workbench,3.6.0.I20100603-1100,"",1324188816671
executed,command,org.eclipse.ui,3.6.0.I20100603-1100,"org.eclipse.ui.file.save",1324188823408
deactivated,workbench,org.eclipse.ui.workbench,3.6.0.I20100603-1100,"",1324188824683
activated,workbench,org.eclipse.ui.workbench,3.6.0.I20100603-1100,"",1324188847668
activated,editor,org.eclipse.wst.css.ui,1.0.502.v201101122002,"org.eclipse.wst.css.core.csssource.source",1324188850637
activated,editor,org.eclipse.wst.css.ui,1.0.502.v201101122002,"org.eclipse.wst.css.core.csssource.source",1324188853537
deactivated,workbench,org.eclipse.ui.workbench,3.6.0.I20100603-1100,"",1324188862654
activated,workbench,org.eclipse.ui.workbench,3.6.0.I20100603-1100,"",1324188867796
deactivated,workbench,org.eclipse.ui.workbench,3.6.0.I20100603-1100,"",1324188872725
executed,command,org.eclipse.ui,3.6.0.I20100603-1100,"org.eclipse.ui.edit.findReplace",1324188872759
activated,workbench,org.eclipse.ui.workbench,3.6.0.I20100603-1100,"",1324188875252
executed,command,org.eclipse.ui,3.6.0.I20100603-1100,"org.eclipse.ui.file.save",1324188888684
deactivated,workbench,org.eclipse.ui.workbench,3.6.0.I20100603-1100,"",1324188889846
activated,workbench,org.eclipse.ui.workbench,3.6.0.I20100603-1100,"",1324188893918
executed,command,org.eclipse.ui,3.6.0.I20100603-1100,"org.eclipse.ui.file.save",1324188899999
deactivated,workbench,org.eclipse.ui.workbench,3.6.0.I20100603-1100,"",1324188901165
activated,workbench,org.eclipse.ui.workbench,3.6.0.I20100603-1100,"",1324188904201
executed,command,org.eclipse.ui,3.6.0.I20100603-1100,"org.eclipse.ui.file.save",1324188911631
deactivated,workbench,org.eclipse.ui.workbench,3.6.0.I20100603-1100,"",1324188912632
activated,workbench,org.eclipse.ui.workbench,3.6.0.I20100603-1100,"",1324188927786
deactivated,workbench,org.eclipse.ui.workbench,3.6.0.I20100603-1100,"",1324188933899
executed,command,org.eclipse.ui,3.6.0.I20100603-1100,"org.eclipse.ui.edit.findReplace",1324188933934
activated,workbench,org.eclipse.ui.workbench,3.6.0.I20100603-1100,"",1324188937243
executed,command,org.eclipse.ui,3.6.0.I20100603-1100,"org.eclipse.ui.file.save",1324188943541
deactivated,workbench,org.eclipse.ui.workbench,3.6.0.I20100603-1100,"",1324188944694
activated,workbench,org.eclipse.ui.workbench,3.6.0.I20100603-1100,"",1324188949753
executed,command,org.eclipse.ui,3.6.0.I20100603-1100,"org.eclipse.ui.file.save",1324188953048
deactivated,workbench,org.eclipse.ui.workbench,3.6.0.I20100603-1100,"",1324188954526
activated,workbench,org.eclipse.ui.workbench,3.6.0.I20100603-1100,"",1324205721704
started,bundle,org.eclipse.wst.jsdt.debug.core,1.0.3.v201011040143,"org.eclipse.wst.jsdt.debug.core",1324205726526
closed,workbench,org.eclipse.ui.workbench,3.6.0.I20100603-1100,"",1324205726944
stopped,bundle,org.eclipse.mylyn.ide.ant,3.4.0.v20100608-0100-e3x,"org.eclipse.mylyn.ide.ant",1324205729247
stopped,bundle,org.eclipse.ant.ui,3.5.0.v20100427,"org.eclipse.ant.ui",1324205729248
stopped,bundle,org.eclipse.ant.launching,1.0.0.v20100427,"org.eclipse.ant.launching",1324205729347
stopped,bundle,org.eclipse.equinox.p2.ui.sdk,1.0.100.v20100513,"org.eclipse.equinox.p2.ui.sdk",1324205729391
stopped,bundle,org.eclipse.mylyn.java.tasks,3.4.0.v20100608-0100-e3x,"org.eclipse.mylyn.java.tasks",1324205729391
stopped,bundle,org.eclipse.mylyn.java.ui,3.4.0.v20100608-0100-e3x,"org.eclipse.mylyn.java.ui",1324205729426
stopped,bundle,org.eclipse.jdt.junit,3.6.0.v20100526-0800,"org.eclipse.jdt.junit",1324205729446
stopped,bundle,org.eclipse.jdt.apt.ui,3.3.300.v20100513-0845,"org.eclipse.jdt.apt.ui",1324205729505
stopped,bundle,org.eclipse.wst.xsl.jaxp.debug.ui,1.0.100.v201004290328,"org.eclipse.wst.xsl.jaxp.debug.ui",1324205729534
stopped,bundle,org.eclipse.jdt.debug.ui,3.5.0.v20100602-0830,"org.eclipse.jdt.debug.ui",1324205729566
stopped,bundle,com.python.pydev.codecompletion,1.6.3.2010100513,"com.python.pydev.codecompletion",1324205729617
stopped,bundle,com.python.pydev.refactoring,1.6.3.2010100513,"com.python.pydev.refactoring",1324205729700
stopped,bundle,com.python.pydev.analysis,1.6.3.2010100513,"com.python.pydev.analysis",1324205729701
stopped,bundle,com.python.pydev.debug,1.6.3.2010100513,"com.python.pydev.debug",1324205729717
stopped,bundle,com.python.pydev.fastparser,1.6.3.2010100513,"com.python.pydev.fastparser",1324205729753
stopped,bundle,com.python.pydev,1.6.3.2010100513,"com.python.pydev",1324205729821
stopped,bundle,org.python.pydev.django,1.6.3.2010100513,"org.python.pydev.django",1324205729894
stopped,bundle,org.python.pydev.customizations,1.6.3.2010100513,"org.python.pydev.customizations",1324205729894
stopped,bundle,org.python.pydev.debug,1.6.3.2010100513,"org.python.pydev.debug",1324205729894
stopped,bundle,org.python.pydev.red_core,1.6.3.2010100513,"org.python.pydev.red_core",1324205729969
stopped,bundle,org.python.pydev.refactoring,1.6.3.2010100513,"org.python.pydev.refactoring",1324205730030
stopped,bundle,org.python.pydev,1.6.3.2010100513,"org.python.pydev",1324205730030
stopped,bundle,com.collabnet.subversion.merge,2.1.0,"com.collabnet.subversion.merge",1324205730031
stopped,bundle,org.tigris.subversion.subclipse.graph,1.0.8,"org.tigris.subversion.subclipse.graph",1324205730051
stopped,bundle,org.tigris.subversion.subclipse.mylyn,3.0.0,"org.tigris.subversion.subclipse.mylyn",1324205730051
stopped,bundle,org.tigris.subversion.subclipse.ui,1.6.13,"org.tigris.subversion.subclipse.ui",1324205730051
stopped,bundle,org.eclipse.jst.pagedesigner.jsf.ui,1.2.0.v20100414,"org.eclipse.jst.pagedesigner.jsf.ui",1324205730125
stopped,bundle,org.eclipse.jst.pagedesigner,1.3.2.v201101211220,"org.eclipse.jst.pagedesigner",1324205730221
stopped,bundle,org.eclipse.jst.jsf.common.ui,1.2.0.v20100329,"org.eclipse.jst.jsf.common.ui",1324205730258
activated,perspective,org.eclipse.wst.jsdt.ui,,"org.eclipse.wst.jsdt.ui.JavaPerspective",1324244960955
started,bundle,org.eclipse.osgi,3.6.0.v20100517,"org.eclipse.osgi",1324244960956
started,bundle,org.eclipse.equinox.simpleconfigurator,1.0.200.v20100503,"org.eclipse.equinox.simpleconfigurator",1324244960976
started,bundle,com.ibm.icu,4.2.1.v20100412,"com.ibm.icu",1324244960993
started,bundle,org.eclipse.compare.core,3.5.100.I20100526-0800,"org.eclipse.compare.core",1324244961005
started,bundle,org.eclipse.core.contenttype,3.4.100.v20100505-1235,"org.eclipse.core.contenttype",1324244961017
started,bundle,org.eclipse.core.databinding.observable,1.3.0.I20100601-0800,"org.eclipse.core.databinding.observable",1324244961042
started,bundle,org.eclipse.core.expressions,3.4.200.v20100505,"org.eclipse.core.expressions",1324244961059
started,bundle,org.eclipse.core.filebuffers,3.5.100.v20100520-0800,"org.eclipse.core.filebuffers",1324244961065
started,bundle,org.eclipse.core.filesystem,1.3.0.v20100526-0737,"org.eclipse.core.filesystem",1324244961113
started,bundle,org.eclipse.core.jobs,3.5.0.v20100515,"org.eclipse.core.jobs",1324244961132
started,bundle,org.eclipse.core.net,1.2.100.I20100511-0800,"org.eclipse.core.net",1324244961160
started,bundle,org.eclipse.core.resources,3.6.0.v20100526-0737,"org.eclipse.core.resources",1324244961174
started,bundle,org.eclipse.core.runtime,3.6.0.v20100505,"org.eclipse.core.runtime",1324244961195
started,bundle,org.eclipse.core.runtime.compatibility,3.2.100.v20100505,"org.eclipse.core.runtime.compatibility",1324244961197
started,bundle,org.eclipse.core.runtime.compatibility.auth,3.2.200.v20100517,"org.eclipse.core.runtime.compatibility.auth",1324244961204
started,bundle,org.eclipse.core.variables,3.2.400.v20100505,"org.eclipse.core.variables",1324244961209
started,bundle,org.eclipse.debug.core,3.6.0.v20100519,"org.eclipse.debug.core",1324244961211
started,bundle,org.eclipse.debug.ui,3.6.0.v20100601-1530,"org.eclipse.debug.ui",1324244961295
started,bundle,org.eclipse.equinox.app,1.3.0.v20100512,"org.eclipse.equinox.app",1324244961317
started,bundle,org.eclipse.equinox.common,3.6.0.v20100503,"org.eclipse.equinox.common",1324244961328
started,bundle,org.eclipse.equinox.ds,1.2.0.v20100507,"org.eclipse.equinox.ds",1324244961345
started,bundle,org.eclipse.equinox.event,1.2.0.v20100503,"org.eclipse.equinox.event",1324244961370
started,bundle,org.eclipse.equinox.p2.core,2.0.0.v20100510,"org.eclipse.equinox.p2.core",1324244961383
started,bundle,org.eclipse.equinox.p2.directorywatcher,1.0.200.v20100601,"org.eclipse.equinox.p2.directorywatcher",1324244961386
started,bundle,org.eclipse.equinox.p2.engine,2.0.0.v20100606,"org.eclipse.equinox.p2.engine",1324244961420
started,bundle,org.eclipse.equinox.p2.metadata,2.0.0.v20100601,"org.eclipse.equinox.p2.metadata",1324244961429
started,bundle,org.eclipse.equinox.p2.metadata.repository,1.1.0.v20100513,"org.eclipse.equinox.p2.metadata.repository",1324244961430
started,bundle,org.eclipse.equinox.p2.operations,2.0.0.v20100510,"org.eclipse.equinox.p2.operations",1324244961432
started,bundle,org.eclipse.equinox.p2.reconciler.dropins,1.1.0.v20100525,"org.eclipse.equinox.p2.reconciler.dropins",1324244961461
started,bundle,org.eclipse.equinox.p2.repository,2.0.0.v20100519,"org.eclipse.equinox.p2.repository",1324244961463
started,bundle,org.eclipse.equinox.p2.ui.sdk.scheduler,1.0.0.v20100507-1815,"org.eclipse.equinox.p2.ui.sdk.scheduler",1324244961476
started,bundle,org.eclipse.equinox.p2.updatechecker,1.1.100.v20100503a,"org.eclipse.equinox.p2.updatechecker",1324244961512
started,bundle,org.eclipse.equinox.preferences,3.3.0.v20100503,"org.eclipse.equinox.preferences",1324244961523
started,bundle,org.eclipse.equinox.registry,3.5.0.v20100503,"org.eclipse.equinox.registry",1324244961549
started,bundle,org.eclipse.equinox.security,1.0.200.v20100503,"org.eclipse.equinox.security",1324244961593
started,bundle,org.eclipse.equinox.util,1.0.200.v20100503,"org.eclipse.equinox.util",1324244961599
started,bundle,org.eclipse.help,3.5.0.v20100524,"org.eclipse.help",1324244961608
started,bundle,org.eclipse.jdt.core,3.6.0.v_A58,"org.eclipse.jdt.core",1324244961639
started,bundle,org.eclipse.jdt.core.manipulation,1.3.0.v20100520-0800,"org.eclipse.jdt.core.manipulation",1324244961653
started,bundle,org.eclipse.jdt.ui,3.6.0.v20100602-1600,"org.eclipse.jdt.ui",1324244961672
started,bundle,org.eclipse.jface,3.6.0.I20100601-0800,"org.eclipse.jface",1324244961684
started,bundle,org.eclipse.jsch.core,1.1.200.I20100505-1245,"org.eclipse.jsch.core",1324244961688
started,bundle,org.eclipse.mylyn.commons.ui,3.4.0.v20100608-0100-e3x,"org.eclipse.mylyn.commons.ui",1324244961732
started,bundle,org.eclipse.mylyn.monitor.ui,3.4.0.v20100608-0100-e3x,"org.eclipse.mylyn.monitor.ui",1324244961757
started,bundle,org.eclipse.team.core,3.5.100.I20100527-0800,"org.eclipse.team.core",1324244961800
started,bundle,org.eclipse.team.cvs.core,3.3.300.I20100526-0800,"org.eclipse.team.cvs.core",1324244961844
started,bundle,org.eclipse.team.cvs.ui,3.3.300.I20100526-0800,"org.eclipse.team.cvs.ui",1324244961875
started,bundle,org.eclipse.team.ui,3.5.100.I20100527-0800,"org.eclipse.team.ui",1324244961890
started,bundle,org.eclipse.ui,3.6.0.I20100603-1100,"org.eclipse.ui",1324244961898
started,bundle,org.eclipse.ui.console,3.5.0.v20100526,"org.eclipse.ui.console",1324244961917
started,bundle,org.eclipse.ui.editors,3.6.0.v20100520-0800,"org.eclipse.ui.editors",1324244961917
started,bundle,org.eclipse.ui.forms,3.5.0.v20100427,"org.eclipse.ui.forms",1324244961938
started,bundle,org.eclipse.ui.ide,3.6.0.I20100601-0800,"org.eclipse.ui.ide",1324244961947
started,bundle,org.eclipse.ui.net,1.2.100.I20100505-1245,"org.eclipse.ui.net",1324244961957
started,bundle,org.eclipse.ui.views,3.5.0.I20100527-0800,"org.eclipse.ui.views",1324244961962
started,bundle,org.eclipse.ui.workbench,3.6.0.I20100603-1100,"org.eclipse.ui.workbench",1324244961975
started,bundle,org.eclipse.ui.workbench.texteditor,3.6.0.v20100520-0800,"org.eclipse.ui.workbench.texteditor",1324244961989
started,bundle,org.eclipse.update.configurator,3.3.100.v20100512,"org.eclipse.update.configurator",1324244961990
started,bundle,org.eclipse.update.core,3.2.400.v20100512,"org.eclipse.update.core",1324244961991
started,bundle,org.eclipse.update.scheduler,3.2.300.v20100512,"org.eclipse.update.scheduler",1324244962010
started,bundle,org.eclipse.mylyn.bugzilla.core,3.4.2.v20100902-0100-e3x,"org.eclipse.mylyn.bugzilla.core",1324244962025
started,bundle,org.eclipse.mylyn.bugzilla.ui,3.4.2.v20100909-0100-e3x,"org.eclipse.mylyn.bugzilla.ui",1324244962035
started,bundle,org.eclipse.mylyn.commons.net,3.4.1.v20100625-2100-e3x,"org.eclipse.mylyn.commons.net",1324244962035
started,bundle,org.eclipse.mylyn.context.core,3.4.1.v20100909-0100-e3x,"org.eclipse.mylyn.context.core",1324244962042
started,bundle,org.eclipse.mylyn.context.ui,3.4.1.v20100909-0100-e3x,"org.eclipse.mylyn.context.ui",1324244962054
started,bundle,org.eclipse.mylyn.tasks.ui,3.4.2.v20100902-0100-e3x,"org.eclipse.mylyn.tasks.ui",1324244962066
started,bundle,org.eclipse.mylyn.team.ui,3.4.2.v20100909-0100-e3x,"org.eclipse.mylyn.team.ui",1324244962067
started,bundle,org.tigris.subversion.clientadapter,1.6.12,"org.tigris.subversion.clientadapter",1324244962086
started,bundle,org.tigris.subversion.subclipse.core,1.6.13,"org.tigris.subversion.subclipse.core",1324244962096
started,bundle,org.tigris.subversion.subclipse.mylyn,3.0.0,"org.tigris.subversion.subclipse.mylyn",1324244962106
started,bundle,org.eclipse.emf.common,2.6.0.v20100914-1218,"org.eclipse.emf.common",1324244962131
started,bundle,org.eclipse.wst.common.project.facet.core,1.4.102.v201008170019,"org.eclipse.wst.common.project.facet.core",1324244962150
started,bundle,org.eclipse.wst.css.core,1.1.402.v201102031915,"org.eclipse.wst.css.core",1324244962169
started,bundle,org.eclipse.wst.css.ui,1.0.502.v201101122002,"org.eclipse.wst.css.ui",1324244962192
started,bundle,org.eclipse.wst.html.core,1.1.404.v201101190004,"org.eclipse.wst.html.core",1324244962233
started,bundle,org.eclipse.wst.sse.core,1.1.504.v201102160550,"org.eclipse.wst.sse.core",1324244962252
started,bundle,org.eclipse.wst.sse.ui,1.2.3.v201102102045,"org.eclipse.wst.sse.ui",1324244962262
started,bundle,org.eclipse.wst.validation,1.2.201.v201101270100,"org.eclipse.wst.validation",1324244962262
started,bundle,org.eclipse.wst.xml.core,1.1.503.v201102102045,"org.eclipse.wst.xml.core",1324244962392
started,bundle,org.eclipse.wst.xml.ui,1.1.103.v201101122108,"org.eclipse.wst.xml.ui",1324244962436
started,bundle,org.eclipse.dltk.core,2.0.1.v20100806-1245,"org.eclipse.dltk.core",1324244962536
started,bundle,org.eclipse.dltk.launching,2.0.0.v20100806-1245,"org.eclipse.dltk.launching",1324244962618
started,bundle,org.eclipse.dltk.ui,2.0.0.v20100909-1720,"org.eclipse.dltk.ui",1324244962651
started,bundle,org.eclipse.epp.usagedata.gathering,1.3.1.R201102081640,"org.eclipse.epp.usagedata.gathering",1324244962664
started,bundle,org.eclipse.epp.usagedata.recording,1.3.1.R201102081640,"org.eclipse.epp.usagedata.recording",1324244962666
started,bundle,org.eclipse.jst.common.project.facet.core,1.4.102.v201008182136,"org.eclipse.jst.common.project.facet.core",1324244962685
started,bundle,org.eclipse.php.core,2.2.1.v20101001-2300,"org.eclipse.php.core",1324244962709
started,bundle,org.eclipse.php.debug.core,2.2.0.v20101001-2300,"org.eclipse.php.debug.core",1324244962729
started,bundle,org.eclipse.php.debug.daemon,2.2.0.v20101001-2300,"org.eclipse.php.debug.daemon",1324244962732
started,bundle,org.eclipse.php.server.core,2.2.0.v20101001-2300,"org.eclipse.php.server.core",1324244962738
os,sysinfo,,,"macosx",1324244962742
arch,sysinfo,,,"x86",1324244962742
ws,sysinfo,,,"cocoa",1324244962742
locale,sysinfo,,,"en_US",1324244962742
processors,sysinfo,,,"2",1324244962742
java.runtime.name,sysinfo,,,"Java(TM) SE Runtime Environment",1324244962742
java.runtime.version,sysinfo,,,"1.6.0_29-b11-402-10M3527",1324244962742
java.specification.name,sysinfo,,,"Java Platform API Specification",1324244962742
java.specification.vendor,sysinfo,,,"Sun Microsystems Inc.",1324244962742
